{
  "js\\events-data.js": 1775928209.4914055,
  "js\\events-page.js": 1775928209.507422,
  "js\\main.js": 1775030630.1900778,
  "js\\publications-data.js": 1775032234.4553132,
  "js\\publications-related.js": 1775032242.6744668,
  "README.md": 1775032525.0525882,
  "REVERT_42b2e46.md": 1775928209.4654088,
  "content\\publications\\README.md": 1775928209.4704096,
  "img\\logo.svg": 1775972037.0422983
}